Emisiones (t CO2 eq / MWh)

Hora,Eólica,Nuclear,Carbón,Ciclo combinado,Hidráulica,Intercambios int,Solar fotovoltaica,Solar térmica,Térmica renovable,Motores diésel,Turbina de gas,Turbina de vapor,Generación auxiliar,Cogeneración y residuos
"2023-03-23 21:00","0","0","511","1614","0","0","0","0","0","230","128","159","0","671",
"2023-03-23 21:05","0","0","509","1671","0","0","0","0","0","232","125","159","0","672",
"2023-03-23 21:10","0","0","509","1719","0","0","0","0","0","233","125","160","0","670",
"2023-03-23 21:15","0","0","508","1711","0","0","0","0","0","232","122","160","0","670",
"2023-03-23 21:20","0","0","510","1639","0","0","0","0","0","234","120","160","0","670",
"2023-03-23 21:25","0","0","510","1617","0","0","0","0","0","233","121","160","0","669",
"2023-03-23 21:30","0","0","507","1579","0","0","0","0","0","237","115","160","0","669",
"2023-03-23 21:35","0","0","504","1470","0","0","0","0","0","235","112","160","0","665",
"2023-03-23 21:40","0","0","497","1452","0","0","0","0","0","234","111","160","0","670",
"2023-03-23 21:45","0","0","482","1373","0","0","0","0","0","233","111","160","0","670",
"2023-03-23 21:50","0","0","474","1261","0","0","0","0","0","233","110","160","0","669",
"2023-03-23 21:55","0","0","473","1224","0","0","0","0","0","231","110","160","0","670",
"2023-03-23 22:00","0","0","484","1228","0","0","0","0","0","232","112","160","0","666",
"2023-03-23 22:05","0","0","496","1290","0","0","0","0","0","231","112","160","0","668",
"2023-03-23 22:10","0","0","504","1385","0","0","0","0","0","227","103","159","0","667",
"2023-03-23 22:15","0","0","497","1463","0","0","0","0","0","227","85","159","0","668",
"2023-03-23 22:20","0","0","477","1474","0","0","0","0","0","229","74","159","0","667",
"2023-03-23 22:25","0","0","472","1379","0","0","0","0","0","228","69","158","0","667",
"2023-03-23 22:30","0","0","475","1332","0","0","0","0","0","224","68","157","0","668",
"2023-03-23 22:35","0","0","481","1203","0","0","0","0","0","214","69","155","0","666",
"2023-03-23 22:40","0","0","496","1136","0","0","0","0","0","213","70","153","0","668",
"2023-03-23 22:45","0","0","509","1142","0","0","0","0","0","205","69","150","0","668",
"2023-03-23 22:50","0","0","498","1083","0","0","0","0","0","204","69","148","0","669",
"2023-03-23 22:55","0","0","495","1061","0","0","0","0","0","203","65","143","0","669",
"2023-03-23 23:00","0","0","485","1054","0","0","0","0","0","201","59","140","0","669",
"2023-03-23 23:05","0","0","461","1139","0","0","0","0","0","197","55","137","0","666",
"2023-03-23 23:10","0","0","436","1266","0","0","0","0","0","190","46","135","0","661",
"2023-03-23 23:15","0","0","430","1350","0","0","0","0","0","185","39","131","0","664",
"2023-03-23 23:20","0","0","429","1305","0","0","0","0","0","182","36","128","0","660",
"2023-03-23 23:25","0","0","425","1263","0","0","0","0","0","180","34","125","0","660",
"2023-03-23 23:30","0","0","424","1221","0","0","0","0","0","179","34","121","0","660",
"2023-03-23 23:35","0","0","423","1138","0","0","0","0","0","185","23.8","119","0","663",
"2023-03-23 23:40","0","0","424","1110","0","0","0","0","0","185","23.8","116","0","661",
"2023-03-23 23:45","0","0","427","1052","0","0","0","0","0","181","23.8","113","0","659",
"2023-03-23 23:50","0","0","423","1046","0","0","0","0","0","179","22.8","112","0","659",
"2023-03-23 23:55","0","0","422","1047","0","0","0","0","0","174","22.8","110","0","657",
"2023-03-24 00:00","0","0","426","1068","0","0","0","0","0","174","23.8","110","0","647",
"2023-03-24 00:05","0","0","424","1068","0","0","0","0","0","170","24.7","110","0","632",
"2023-03-24 00:10","0","0","431","1067","0","0","0","0","0","165","23.8","111","0","616",
"2023-03-24 00:15","0","0","440","1036","0","0","0","0","0","162","23.8","111","0","608",
"2023-03-24 00:20","0","0","454","1044","0","0","0","0","0","161","22.8","110","0","606",
"2023-03-24 00:25","0","0","446","1068","0","0","0","0","0","161","22.8","110","0","603",
"2023-03-24 00:30","0","0","436","1060","0","0","0","0","0","158","20.9","110","0","602",
"2023-03-24 00:35","0","0","427","1084","0","0","0","0","0","157","20.9","111","0","602",
"2023-03-24 00:40","0","0","426","1076","0","0","0","0","0","155","20.9","111","0","598",
"2023-03-24 00:45","0","0","423","1080","0","0","0","0","0","154","21.9","110","0","598",
"2023-03-24 00:50","0","0","437","1082","0","0","0","0","0","156","22.8","110","0","593",
"2023-03-24 00:55","0","0","459","1082","0","0","0","0","0","150","22.8","111","0","591",
"2023-03-24 01:00","0","0","459","1051","0","0","0","0","0","150","22.8","110","0","593",
"2023-03-24 01:05","0","0","447","1063","0","0","0","0","0","143","22.8","111","0","592",
"2023-03-24 01:10","0","0","434","1066","0","0","0","0","0","143","22.8","110","0","589",
"2023-03-24 01:15","0","0","435","1048","0","0","0","0","0","141","22.8","110","0","592",
"2023-03-24 01:20","0","0","433","1040","0","0","0","0","0","137","21.9","110","0","590",
"2023-03-24 01:25","0","0","442","1049","0","0","0","0","0","136","21.9","111","0","588",
"2023-03-24 01:30","0","0","460","1045","0","0","0","0","0","135","21.9","111","0","591",
"2023-03-24 01:35","0","0","459","1052","0","0","0","0","0","133","20.9","110","0","592",
"2023-03-24 01:40","0","0","458","1074","0","0","0","0","0","132","21.9","111","0","593",
"2023-03-24 01:45","0","0","461","1046","0","0","0","0","0","131","20","110","0","590",
"2023-03-24 01:50","0","0","461","1082","0","0","0","0","0","131","20.9","111","0","592",
"2023-03-24 01:55","0","0","461","1099","0","0","0","0","0","131","20.9","111","0","590",
"2023-03-24 02:00","0","0","460","1100","0","0","0","0","0","130","20.9","111","0","591",
"2023-03-24 02:05","0","0","445","1160","0","0","0","0","0","132","21.9","111","0","587",
"2023-03-24 02:10","0","0","433","1158","0","0","0","0","0","129","21.9","111","0","586",
"2023-03-24 02:15","0","0","456","1171","0","0","0","0","0","128","21.9","110","0","586",
"2023-03-24 02:20","0","0","459","1150","0","0","0","0","0","126","21.9","112","0","585",
"2023-03-24 02:25","0","0","458","1129","0","0","0","0","0","126","20.9","111","0","587",
"2023-03-24 02:30","0","0","460","1094","0","0","0","0","0","126","21.9","112","0","586",
"2023-03-24 02:35","0","0","460","1090","0","0","0","0","0","126","21.9","111","0","581",
"2023-03-24 02:40","0","0","459","1090","0","0","0","0","0","124","20.9","112","0","578",
"2023-03-24 02:45","0","0","463","1090","0","0","0","0","0","126","20.9","111","0","576",
"2023-03-24 02:50","0","0","458","1096","0","0","0","0","0","124","21.9","111","0","577",
"2023-03-24 02:55","0","0","464","1129","0","0","0","0","0","124","21.9","112","0","578",
"2023-03-24 03:00","0","0","460","1131","0","0","0","0","0","124","20.9","111","0","579",
"2023-03-24 03:05","0","0","460","1189","0","0","0","0","0","124","21.9","112","0","578",
"2023-03-24 03:10","0","0","459","1161","0","0","0","0","0","126","21.9","112","0","577",
"2023-03-24 03:15","0","0","458","1125","0","0","0","0","0","124","20.9","111","0","575",
"2023-03-24 03:20","0","0","460","1148","0","0","0","0","0","124","21.9","112","0","578",
"2023-03-24 03:25","0","0","461","1136","0","0","0","0","0","123","21.9","111","0","581",
"2023-03-24 03:30","0","0","461","1120","0","0","0","0","0","122","20.9","111","0","585",
"2023-03-24 03:35","0","0","462","1097","0","0","0","0","0","125","20.9","112","0","587",
"2023-03-24 03:40","0","0","461","1064","0","0","0","0","0","125","20.9","112","0","589",
"2023-03-24 03:45","0","0","461","1043","0","0","0","0","0","126","20.9","112","0","591",
"2023-03-24 03:50","0","0","454","1030","0","0","0","0","0","125","21.9","112","0","591",
"2023-03-24 03:55","0","0","453","1031","0","0","0","0","0","125","20.9","111","0","591",
"2023-03-24 04:00","0","0","454","1014","0","0","0","0","0","124","20.9","112","0","592",
"2023-03-24 04:05","0","0","462","1018","0","0","0","0","0","125","20.9","112","0","591",
"2023-03-24 04:10","0","0","459","1019","0","0","0","0","0","126","20.9","111","0","590",
"2023-03-24 04:15","0","0","463","1015","0","0","0","0","0","124","20.9","112","0","589",
"2023-03-24 04:20","0","0","462","1021","0","0","0","0","0","124","21.9","111","0","590",
"2023-03-24 04:25","0","0","461","1014","0","0","0","0","0","124","20.9","112","0","588",
"2023-03-24 04:30","0","0","461","1016","0","0","0","0","0","124","21.9","112","0","589",
"2023-03-24 04:35","0","0","460","1035","0","0","0","0","0","124","20.9","111","0","591",
"2023-03-24 04:40","0","0","461","1026","0","0","0","0","0","123","21.9","111","0","592",
"2023-03-24 04:45","0","0","456","1021","0","0","0","0","0","124","20.9","112","0","590",
"2023-03-24 04:50","0","0","443","1032","0","0","0","0","0","124","20.9","111","0","591",
"2023-03-24 04:55","0","0","423","1047","0","0","0","0","0","124","21.9","112","0","595",
"2023-03-24 05:00","0","0","425","1013","0","0","0","0","0","125","20.9","111","0","596",
"2023-03-24 05:05","0","0","423","997","0","0","0","0","0","125","20","111","0","599",
"2023-03-24 05:10","0","0","424","1000","0","0","0","0","0","127","20.9","111","0","597",
"2023-03-24 05:15","0","0","424","995","0","0","0","0","0","126","20.9","111","0","599",
"2023-03-24 05:20","0","0","423","980","0","0","0","0","0","126","20.9","111","0","599",
"2023-03-24 05:25","0","0","424","994","0","0","0","0","0","126","20.9","112","0","598",
"2023-03-24 05:30","0","0","423","996","0","0","0","0","0","127","21.9","112","0","595",
"2023-03-24 05:35","0","0","424","1004","0","0","0","0","0","127","31","111","0","598",
"2023-03-24 05:40","0","0","424","1010","0","0","0","0","0","127","37","112","0","601",
"2023-03-24 05:45","0","0","424","1028","0","0","0","0","0","126","37","112","0","602",
"2023-03-24 05:50","0","0","425","1012","0","0","0","0","0","128","37","112","0","601",
"2023-03-24 05:55","0","0","424","1010","0","0","0","0","0","128","38","112","0","603",
"2023-03-24 06:00","0","0","422","1019","0","0","0","0","0","129","37","112","0","603",
"2023-03-24 06:05","0","0","438","1032","0","0","0","0","0","130","39","112","0","605",
"2023-03-24 06:10","0","0","460","1032","0","0","0","0","0","130","36","112","0","608",
"2023-03-24 06:15","0","0","459","1008","0","0","0","0","0","131","36","112","0","607",
"2023-03-24 06:20","0","0","460","1010","0","0","0","0","0","132","36","112","0","606",
"2023-03-24 06:25","0","0","462","1023","0","0","0","0","0","133","35","112","0","607",
"2023-03-24 06:30","0","0","463","1008","0","0","0","0","0","133","35","111","0","608",
"2023-03-24 06:35","0","0","460","1012","0","0","0","0","0","134","38","112","0","609",
"2023-03-24 06:40","0","0","461","1013","0","0","0","0","0","135","37","112","0","609",
"2023-03-24 06:45","0","0","460","1020","0","0","0","0","0","137","38","112","0","610",
"2023-03-24 06:50","0","0","453","1074","0","0","0","0","0","136","38","112","0","611",
"2023-03-24 06:55","0","0","452","1120","0","0","0","0","0","138","40","112","0","612",
"2023-03-24 07:00","0","0","452","1133","0","0","0","0","0","139","45","112","0","618",
"2023-03-24 07:05","0","0","460","1153","0","0","0","0","0","143","45","112","0","622",
"2023-03-24 07:10","0","0","458","1167","0","0","0","0","0","145","48","112","0","620",
"2023-03-24 07:15","0","0","461","1192","0","0","0","0","0","145","48","112","0","625",
"2023-03-24 07:20","0","0","461","1195","0","0","0","0","0","146","49","111","0","624",
"2023-03-24 07:25","0","0","459","1172","0","0","0","0","0","149","48","110","0","627",
"2023-03-24 07:30","0","0","462","1165","0","0","0","0","0","151","48","110","0","624",
"2023-03-24 07:35","0","0","458","1229","0","0","0","0","0","153","48","110","0","626",
"2023-03-24 07:40","0","0","450","1248","0","0","0","0","0","154","49","110","0","627",
"2023-03-24 07:45","0","0","460","1259","0","0","0","0","0","153","46","110","0","628",
"2023-03-24 07:50","0","0","460","1340","0","0","0","0","0","158","46","110","0","630",
"2023-03-24 07:55","0","0","445","1337","0","0","0","0","0","163","46","86","0","628",
"2023-03-24 08:00","0","0","429","1372","0","0","0","0","0","165","52","83","0","630",
"2023-03-24 08:05","0","0","455","1366","0","0","0","0","0","169","62","84","0","630",
"2023-03-24 08:10","0","0","483","1355","0","0","0","0","0","175","70","86","0","629",
"2023-03-24 08:15","0","0","492","1338","0","0","0","0","0","178","81","87","0","632",
"2023-03-24 08:20","0","0","503","1309","0","0","0","0","0","167","94","88","0","632",
"2023-03-24 08:25","0","0","508","1301","0","0","0","0","0","167","83","90","0","632",
"2023-03-24 08:30","0","0","509","1273","0","0","0","0","0","168","89","92","0","633",
"2023-03-24 08:35","0","0","511","1163","0","0","0","0","0","168","84","93","0","630",
"2023-03-24 08:40","0","0","493","1078","0","0","0","0","0","168","88","94","0","628",
"2023-03-24 08:45","0","0","471","1042","0","0","0","0","0","169","86","95","0","628",
"2023-03-24 08:50","0","0","471","969","0","0","0","0","0","164","104","96","0","629",
"2023-03-24 08:55","0","0","469","920","0","0","0","0","0","163","108","96","0","625",
"2023-03-24 09:00","0","0","467","914","0","0","0","0","0","163","115","96","0","629",
"2023-03-24 09:05","0","0","490","870","0","0","0","0","0","163","117","97","0","624",
"2023-03-24 09:10","0","0","521","875","0","0","0","0","0","163","118","96","0","620",
"2023-03-24 09:15","0","0","533","896","0","0","0","0","0","165","112","96","0","616",
"2023-03-24 09:20","0","0","539","900","0","0","0","0","0","165","116","96","0","612",
"2023-03-24 09:25","0","0","548","865","0","0","0","0","0","166","108","96","0","609",
"2023-03-24 09:30","0","0","564","827","0","0","0","0","0","167","107","97","0","611",
"2023-03-24 09:35","0","0","563","808","0","0","0","0","0","167","108","96","0","605",
"2023-03-24 09:40","0","0","564","799","0","0","0","0","0","169","107","96","0","603",
"2023-03-24 09:45","0","0","562","791","0","0","0","0","0","171","108","97","0","601",
"2023-03-24 09:50","0","0","550","775","0","0","0","0","0","173","109","97","0","603",
"2023-03-24 09:55","0","0","539","770","0","0","0","0","0","175","112","96","0","597",
"2023-03-24 10:00","0","0","530","773","0","0","0","0","0","178","119","96","0","595",
"2023-03-24 10:05","0","0","551","739","0","0","0","0","0","174","123","96","0","589",
"2023-03-24 10:10","0","0","579","745","0","0","0","0","0","172","113","96","0","585",
"2023-03-24 10:15","0","0","585","735","0","0","0","0","0","173","117","96","0","581",
"2023-03-24 10:20","0","0","596","713","0","0","0","0","0","173","110","96","0","581",
"2023-03-24 10:25","0","0","599","701","0","0","0","0","0","173","109","96","0","578",
"2023-03-24 10:30","0","0","584","681","0","0","0","0","0","171","106","96","0","575",
"2023-03-24 10:35","0","0","562","670","0","0","0","0","0","171","102","96","0","577",
"2023-03-24 10:40","0","0","561","666","0","0","0","0","0","172","104","96","0","577",
"2023-03-24 10:45","0","0","563","663","0","0","0","0","0","171","101","96","0","575",
"2023-03-24 10:50","0","0","560","658","0","0","0","0","0","171","103","96","0","572",
"2023-03-24 10:55","0","0","560","661","0","0","0","0","0","173","103","96","0","569",
"2023-03-24 11:00","0","0","561","688","0","0","0","0","0","171","102","96","0","567",
"2023-03-24 11:05","0","0","580","739","0","0","0","0","0","171","104","97","0","563",
"2023-03-24 11:10","0","0","601","772","0","0","0","0","0","171","104","96","0","561",
"2023-03-24 11:15","0","0","601","782","0","0","0","0","0","171","101","96","0","559",
"2023-03-24 11:20","0","0","605","783","0","0","0","0","0","167","104","96","0","559",
"2023-03-24 11:25","0","0","602","790","0","0","0","0","0","164","104","96","0","559",
"2023-03-24 11:30","0","0","607","773","0","0","0","0","0","163","100","97","0","558",
"2023-03-24 11:35","0","0","597","762","0","0","0","0","0","161","104","95","0","557",
"2023-03-24 11:40","0","0","590","741","0","0","0","0","0","159","105","95","0","548",
"2023-03-24 11:45","0","0","580","738","0","0","0","0","0","158","100","95","0","550",
"2023-03-24 11:50","0","0","587","729","0","0","0","0","0","158","96","95","0","550",
"2023-03-24 11:55","0","0","596","738","0","0","0","0","0","156","93","96","0","550",
"2023-03-24 12:00","0","0","605","726","0","0","0","0","0","161","89","97","0","549",
"2023-03-24 12:05","0","0","614","676","0","0","0","0","0","164","87","96","0","547",
"2023-03-24 12:10","0","0","624","645","0","0","0","0","0","166","88","96","0","549",
"2023-03-24 12:15","0","0","634","611","0","0","0","0","0","163","82","96","0","546",
"2023-03-24 12:20","0","0","645","607","0","0","0","0","0","163","85","96","0","546",
"2023-03-24 12:25","0","0","652","604","0","0","0","0","0","164","85","96","0","548",
"2023-03-24 12:30","0","0","659","597","0","0","0","0","0","166","85","95","0","550",
"2023-03-24 12:35","0","0","667","597","0","0","0","0","0","165","83","96","0","549",
"2023-03-24 12:40","0","0","672","602","0","0","0","0","0","165","88","96","0","549",
"2023-03-24 12:45","0","0","677","609","0","0","0","0","0","161","92","94","0","549",
"2023-03-24 12:50","0","0","678","606","0","0","0","0","0","160","94","93","0","548",
"2023-03-24 12:55","0","0","674","621","0","0","0","0","0","157","85","91","0","547",
"2023-03-24 13:00","0","0","675","640","0","0","0","0","0","156","79","89","0","545",
"2023-03-24 13:05","0","0","675","655","0","0","0","0","0","157","81","88","0","542",
"2023-03-24 13:10","0","0","672","673","0","0","0","0","0","155","80","87","0","541",
"2023-03-24 13:15","0","0","662","673","0","0","0","0","0","158","83","87","0","542",
"2023-03-24 13:20","0","0","651","671","0","0","0","0","0","157","88","87","0","541",
"2023-03-24 13:25","0","0","642","660","0","0","0","0","0","157","91","88","0","541",
"2023-03-24 13:30","0","0","634","657","0","0","0","0","0","155","86","87","0","539",
"2023-03-24 13:35","0","0","635","665","0","0","0","0","0","155","88","88","0","534",
"2023-03-24 13:40","0","0","637","638","0","0","0","0","0","157","87","87","0","532",
"2023-03-24 13:45","0","0","636","611","0","0","0","0","0","156","90","88","0","531",
"2023-03-24 13:50","0","0","634","610","0","0","0","0","0","154","93","87","0","527",
"2023-03-24 13:55","0","0","632","617","0","0","0","0","0","156","92","87","0","532",
"2023-03-24 14:00","0","0","630","609","0","0","0","0","0","158","89","87","0","531",
"2023-03-24 14:05","0","0","620","613","0","0","0","0","0","158","89","87","0","529",
"2023-03-24 14:10","0","0","615","623","0","0","0","0","0","160","92","87","0","531",
"2023-03-24 14:15","0","0","614","616","0","0","0","0","0","160","92","88","0","529",
"2023-03-24 14:20","0","0","623","595","0","0","0","0","0","163","92","87","0","529",
"2023-03-24 14:25","0","0","627","563","0","0","0","0","0","158","91","87","0","528",
"2023-03-24 14:30","0","0","638","575","0","0","0","0","0","157","88","86","0","527",
"2023-03-24 14:35","0","0","634","571","0","0","0","0","0","158","92","84","0","529",
"2023-03-24 14:40","0","0","618","552","0","0","0","0","0","158","84","83","0","527",
"2023-03-24 14:45","0","0","616","570","0","0","0","0","0","160","91","83","0","523",
"2023-03-24 14:50","0","0","616","571","0","0","0","0","0","160","91","83","0","521",
"2023-03-24 14:55","0","0","616","558","0","0","0","0","0","158","93","84","0","519",
"2023-03-24 15:00","0","0","611","545","0","0","0","0","0","158","90","84","0","520",
"2023-03-24 15:05","0","0","617","550","0","0","0","0","0","159","88","83","0","521",
"2023-03-24 15:10","0","0","605","544","0","0","0","0","0","165","79","83","0","510",
"2023-03-24 15:15","0","0","598","548","0","0","0","0","0","171","76","83","0","508",
"2023-03-24 15:20","0","0","588","569","0","0","0","0","0","172","76","83","0","507",
"2023-03-24 15:25","0","0","585","572","0","0","0","0","0","169","78","84","0","508",
"2023-03-24 15:30","0","0","602","572","0","0","0","0","0","168","79","83","0","505",
"2023-03-24 15:35","0","0","611","580","0","0","0","0","0","167","79","83","0","508",
"2023-03-24 15:40","0","0","613","581","0","0","0","0","0","167","77","83","0","510",
"2023-03-24 15:45","0","0","614","589","0","0","0","0","0","170","80","84","0","514",
"2023-03-24 15:50","0","0","613","593","0","0","0","0","0","171","78","83","0","516",
"2023-03-24 15:55","0","0","612","613","0","0","0","0","0","170","78","83","0","519",
"2023-03-24 16:00","0","0","613","592","0","0","0","0","0","171","71","83","0","521",
"2023-03-24 16:05","0","0","599","590","0","0","0","0","0","173","55","84","0","520",
"2023-03-24 16:10","0","0","580","610","0","0","0","0","0","171","43","84","0","522",
"2023-03-24 16:15","0","0","576","620","0","0","0","0","0","172","42","84","0","525",
"2023-03-24 16:20","0","0","586","636","0","0","0","0","0","169","42","84","0","525",
"2023-03-24 16:25","0","0","595","661","0","0","0","0","0","173","43","84","0","525",
"2023-03-24 16:30","0","0","589","685","0","0","0","0","0","175","44","84","0","522",
"2023-03-24 16:35","0","0","607","684","0","0","0","0","0","177","45","84","0","521",
"2023-03-24 16:40","0","0","608","704","0","0","0","0","0","174","45","84","0","520",
"2023-03-24 16:45","0","0","600","726","0","0","0","0","0","177","46","84","0","520",
"2023-03-24 16:50","0","0","595","734","0","0","0","0","0","177","46","84","0","520",
"2023-03-24 16:55","0","0","576","738","0","0","0","0","0","177","47","84","0","522",
"2023-03-24 17:00","0","0","592","742","0","0","0","0","0","179","43","84","0","521",
"2023-03-24 17:05","0","0","601","752","0","0","0","0","0","178","42","83","0","524",
"2023-03-24 17:10","0","0","608","766","0","0","0","0","0","185","46","84","0","529",
"2023-03-24 17:15","0","0","598","805","0","0","0","0","0","184","46","84","0","535",
"2023-03-24 17:20","0","0","586","845","0","0","0","0","0","182","46","85","0","534",
"2023-03-24 17:25","0","0","584","854","0","0","0","0","0","183","46","85","0","540",
"2023-03-24 17:30","0","0","585","900","0","0","0","0","0","184","46","84","0","540",
"2023-03-24 17:35","0","0","571","1006","0","0","0","0","0","186","44","84","0","542",
"2023-03-24 17:40","0","0","570","1087","0","0","0","0","0","183","44","83","0","544",
"2023-03-24 17:45","0","0","549","1143","0","0","0","0","0","184","45","86","0","547",
"2023-03-24 17:50","0","0","548","1196","0","0","0","0","0","185","46","87","0","550",
"2023-03-24 17:55","0","0","561","1212","0","0","0","0","0","188","49","88","0","554",
"2023-03-24 18:00","0","0","566","1237","0","0","0","0","0","189","51","90","0","561",
"2023-03-24 18:05","0","0","546","1237","0","0","0","0","0","191","53","91","0","582",
"2023-03-24 18:10","0","0","539","1292","0","0","0","0","0","194","56","96","0","587",
"2023-03-24 18:15","0","0","542","1338","0","0","0","0","0","197","58","97","0","588",
"2023-03-24 18:20","0","0","544","1384","0","0","0","0","0","197","57","98","0","592",
"2023-03-24 18:25","0","0","542","1461","0","0","0","0","0","199","58","100","0","596",
"2023-03-24 18:30","0","0","546","1525","0","0","0","0","0","201","58","102","0","596",
"2023-03-24 18:35","0","0","549","1625","0","0","0","0","0","193","59","102","0","597",
"2023-03-24 18:40","0","0","548","1687","0","0","0","0","0","189","74","103","0","600",
"2023-03-24 18:45","0","0","557","1732","0","0","0","0","0","184","79","103","0","600",
"2023-03-24 18:50","0","0","562","1864","0","0","0","0","0","186","83","106","0","602",
"2023-03-24 18:55","0","0","572","1934","0","0","0","0","0","184","83","110","0","603",
"2023-03-24 19:00","0","0","571","1924","0","0","0","0","0","186","82","113","0","605",
"2023-03-24 19:05","0","0","568","1798","0","0","0","0","0","189","83","117","0","605",
"2023-03-24 19:10","0","0","559","1793","0","0","0","0","0","191","84","123","0","610",
"2023-03-24 19:15","0","0","547","1784","0","0","0","0","0","197","88","127","0","613",
"2023-03-24 19:20","0","0","535","1798","0","0","0","0","0","197","88","128","0","614",
"2023-03-24 19:25","0","0","523","1801","0","0","0","0","0","201","89","131","0","615",
"2023-03-24 19:30","0","0","513","1852","0","0","0","0","0","191","89","134","0","616",
"2023-03-24 19:35","0","0","507","2037","0","0","0","0","0","194","89","136","0","614",
"2023-03-24 19:40","0","0","505","2136","0","0","0","0","0","194","89","137","0","615",
"2023-03-24 19:45","0","0","508","2180","0","0","0","0","0","197","88","139","0","616",
"2023-03-24 19:50","0","0","508","2262","0","0","0","0","0","188","89","141","0","615",
"2023-03-24 19:55","0","0","509","2294","0","0","0","0","0","191","88","143","0","617",
"2023-03-24 20:00","0","0","508","2273","0","0","0","0","0","196","85","146","0","619",
"2023-03-24 20:05","0","0","502","2038","0","0","0","0","0","198","85","150","0","620",
"2023-03-24 20:10","0","0","504","1837","0","0","0","0","0","200","86","150","0","618",
"2023-03-24 20:15","0","0","508","1762","0","0","0","0","0","201","86","155","0","618",
"2023-03-24 20:20","0","0","510","1767","0","0","0","0","0","204","85","157","0","619",
"2023-03-24 20:25","0","0","507","1772","0","0","0","0","0","205","91","158","0","619",
"2023-03-24 20:30","0","0","507","1788","0","0","0","0","0","211","85","158","0","618",
"2023-03-24 20:35","0","0","508","1789","0","0","0","0","0","214","85","158","0","619",
"2023-03-24 20:40","0","0","509","1789","0","0","0","0","0","214","84","164","0","620",
"2023-03-24 20:45","0","0","510","1786","0","0","0","0","0","217","85","164","0","619",
"2023-03-24 20:50","0","0","511","1792","0","0","0","0","0","216","85","166","0","619",
"2023-03-24 20:55","0","0","508","1765","0","0","0","0","0","216","84","165","0","620",
"2023-03-24 21:00","0","0","507","1778","0","0","0","0","0","217","86","165","0","619",
"2023-03-24 21:05","0","0","510","1841","0","0","0","0","0","227","76","165","0","620",
"2023-03-24 21:10","0","0","509","1924","0","0","0","0","0","228","72","166","0","621",
"2023-03-24 21:15","0","0","509","1927","0","0","0","0","0","231","71","167","0","621",
"2023-03-24 21:20","0","0","510","1906","0","0","0","0","0","216","70","167","0","622",
"2023-03-24 21:25","0","0","508","1900","0","0","0","0","0","216","73","168","0","620",
"2023-03-24 21:30","0","0","506","1860","0","0","0","0","0","214","70","169","0","621",
"2023-03-24 21:35","0","0","500","1827","0","0","0","0","0","213","71","169","0","623",
"2023-03-24 21:40","0","0","493","1791","0","0","0","0","0","209","70","169","0","622",
"2023-03-24 21:45","0","0","491","1786","0","0","0","0","0","209","67","170","0","620",
"2023-03-24 21:50","0","0","482","1756","0","0","0","0","0","209","67","170","0","622",
"2023-03-24 21:55","0","0","482","1741","0","0","0","0","0","209","68","170","0","629",
"2023-03-24 22:00","0","0","470","1745","0","0","0","0","0","207","70","170","0","629",
"2023-03-24 22:05","0","0","477","1866","0","0","0","0","0","209","70","169","0","628",
"2023-03-24 22:10","0","0","491","1942","0","0","0","0","0","205","70","170","0","627",
"2023-03-24 22:15","0","0","508","1974","0","0","0","0","0","204","70","169","0","626",
"2023-03-24 22:20","0","0","507","1951","0","0","0","0","0","203","71","169","0","629",
"2023-03-24 22:25","0","0","508","1901","0","0","0","0","0","199","69","170","0","629",
"2023-03-24 22:30","0","0","509","1910","0","0","0","0","0","198","70","168","0","628",
"2023-03-24 22:35","0","0","511","1888","0","0","0","0","0","196","68","167","0","628",
"2023-03-24 22:40","0","0","510","1858","0","0","0","0","0","195","69","167","0","629",
"2023-03-24 22:45","0","0","508","1831","0","0","0","0","0","192","63","167","0","629",
"2023-03-24 22:50","0","0","507","1809","0","0","0","0","0","190","54","167","0","629",
"2023-03-24 22:55","0","0","501","1798","0","0","0","0","0","184","54","160","0","629",
"2023-03-24 23:00","0","0","487","1772","0","0","0","0","0","182","56","153","0","632",
"2023-03-24 23:05","0","0","457","1611","0","0","0","0","0","177","53","144","0","628",
"2023-03-24 23:10","0","0","453","1520","0","0","0","0","0","179","44","134","0","627",
"2023-03-24 23:15","0","0","459","1432","0","0","0","0","0","178","42","124","0","628",
"2023-03-24 23:20","0","0","474","1423","0","0","0","0","0","180","42","114","0","628",
"2023-03-24 23:25","0","0","484","1370","0","0","0","0","0","176","40","109","0","630",
"2023-03-24 23:30","0","0","480","1318","0","0","0","0","0","173","40","110","0","629",
"2023-03-24 23:35","0","0","483","1283","0","0","0","0","0","173","41","111","0","628",
"2023-03-24 23:40","0","0","482","1277","0","0","0","0","0","174","41","111","0","628",
"2023-03-24 23:45","0","0","481","1257","0","0","0","0","0","170","41","111","0","631",
"2023-03-24 23:50","0","0","480","1277","0","0","0","0","0","167","41","112","0","626",
"2023-03-24 23:55","0","0","484","1268","0","0","0","0","0","166","41","111","0","620",
"2023-03-25 00:00","0","0","480","1264","0","0","0","0","0","163","40","111","0","616",
"2023-03-25 00:05","0","0","466","1217","0","0","0","0","0","164","40","111","0","595",
"2023-03-25 00:10","0","0","447","1193","0","0","0","0","0","167","41","111","0","579",
"2023-03-25 00:15","0","0","446","1207","0","0","0","0","0","167","38","111","0","575",
"2023-03-25 00:20","0","0","445","1182","0","0","0","0","0","168","36","111","0","571",
"2023-03-25 00:25","0","0","444","1154","0","0","0","0","0","167","36","111","0","567",
"2023-03-25 00:30","0","0","444","1136","0","0","0","0","0","164","36","112","0","564",
"2023-03-25 00:35","0","0","442","1136","0","0","0","0","0","165","37","111","0","560",
"2023-03-25 00:40","0","0","447","1131","0","0","0","0","0","164","37","111","0","559",
"2023-03-25 00:45","0","0","463","1135","0","0","0","0","0","162","36","112","0","558",
"2023-03-25 00:50","0","0","476","1116","0","0","0","0","0","157","36","112","0","558",
"2023-03-25 00:55","0","0","476","1119","0","0","0","0","0","154","37","111","0","558",
"2023-03-25 01:00","0","0","466","1200","0","0","0","0","0","153","38","111","0","561",
"2023-03-25 01:05","0","0","463","1339","0","0","0","0","0","152","38","111","0","560",
"2023-03-25 01:10","0","0","466","1356","0","0","0","0","0","148","36","111","0","561",
"2023-03-25 01:15","0","0","462","1400","0","0","0","0","0","148","35","111","0","559",
"2023-03-25 01:20","0","0","462","1394","0","0","0","0","0","148","36","111","0","558",
"2023-03-25 01:25","0","0","464","1401","0","0","0","0","0","147","37","112","0","560",
"2023-03-25 01:30","0","0","464","1418","0","0","0","0","0","146","36","111","0","560",
"2023-03-25 01:35","0","0","463","1408","0","0","0","0","0","145","37","108","0","560",
"2023-03-25 01:40","0","0","464","1368","0","0","0","0","0","144","36","105","0","559",
"2023-03-25 01:45","0","0","460","1350","0","0","0","0","0","143","36","104","0","560",
"2023-03-25 01:50","0","0","462","1306","0","0","0","0","0","139","37","103","0","559",
"2023-03-25 01:55","0","0","462","1300","0","0","0","0","0","137","36","102","0","561",
"2023-03-25 02:00","0","0","465","1317","0","0","0","0","0","131","38","101","0","561",
"2023-03-25 02:05","0","0","462","1325","0","0","0","0","0","131","38","101","0","561",
"2023-03-25 02:10","0","0","458","1320","0","0","0","0","0","129","36","101","0","557",
"2023-03-25 02:15","0","0","460","1264","0","0","0","0","0","128","36","101","0","558",
"2023-03-25 02:20","0","0","453","1259","0","0","0","0","0","129","36","101","0","560",
"2023-03-25 02:25","0","0","452","1255","0","0","0","0","0","127","35","101","0","560",
"2023-03-25 02:30","0","0","447","1259","0","0","0","0","0","126","36","99","0","561",
"2023-03-25 02:35","0","0","450","1240","0","0","0","0","0","131","36","97","0","558",
"2023-03-25 02:40","0","0","445","1233","0","0","0","0","0","131","36","95","0","560",
"2023-03-25 02:45","0","0","444","1214","0","0","0","0","0","130","36","95","0","560",
"2023-03-25 02:50","0","0","441","1220","0","0","0","0","0","127","37","91","0","560",
"2023-03-25 02:55","0","0","458","1231","0","0","0","0","0","128","37","84","0","561",
"2023-03-25 03:00","0","0","453","1175","0","0","0","0","0","126","36","84","0","561",
